{"graph_0": {"_type": "graph-file", "path": "media/graph/graph_0_summary_e5dc5074.graph.json", "sha256": "e5dc50749743fd0c460a36a499d73fa8e6b00de18b595a5b882c29b3151a6e74", "size": 1068}, "Test Loss": 746092.573125, "gradients/dec.out.bias": {"_type": "histogram", "values": [0.0, 0.0, 0.0, 0.0, 0.0, 0.0, 0.0, 0.0, 0.0, 0.0, 0.0, 0.0, 0.0, 0.0, 0.0, 0.0, 0.0, 0.0, 0.0, 0.0, 0.0, 0.0, 0.0, 0.0, 0.0, 0.0, 0.0, 0.0, 0.0, 0.0, 0.0, 0.0, 3024.0, 0.0, 0.0, 0.0, 0.0, 0.0, 0.0, 0.0, 0.0, 0.0, 0.0, 0.0, 0.0, 0.0, 0.0, 0.0, 0.0, 0.0, 0.0, 0.0, 0.0, 0.0, 0.0, 0.0, 0.0, 0.0, 0.0, 0.0, 0.0, 0.0, 0.0, 0.0], "bins": [0.0, 0.0, 0.0, 0.0, 0.0, 0.0, 0.0, 0.0, 0.0, 0.0, 0.0, 0.0, 0.0, 0.0, 0.0, 0.0, 0.0, 0.0, 0.0, 0.0, 0.0, 0.0, 0.0, 0.0, 0.0, 0.0, 0.0, 0.0, 0.0, 0.0, 0.0, 0.0, 0.0, 0.0, 0.0, 0.0, 0.0, 0.0, 0.0, 0.0, 0.0, 0.0, 0.0, 0.0, 0.0, 0.0, 0.0, 0.0, 0.0, 0.0, 0.0, 0.0, 0.0, 0.0, 0.0, 0.0, 0.0, 0.0, 0.0, 0.0, 0.0, 0.0, 0.0, 0.0, 0.0]}, "gradients/dec.linear.bias": {"_type": "histogram", "values": [0.0, 0.0, 0.0, 0.0, 0.0, 0.0, 0.0, 0.0, 0.0, 0.0, 0.0, 0.0, 0.0, 0.0, 0.0, 0.0, 0.0, 0.0, 0.0, 0.0, 0.0, 0.0, 0.0, 0.0, 0.0, 0.0, 0.0, 0.0, 0.0, 0.0, 0.0, 0.0, 3024.0, 0.0, 0.0, 0.0, 0.0, 0.0, 0.0, 0.0, 0.0, 0.0, 0.0, 0.0, 0.0, 0.0, 0.0, 0.0, 0.0, 0.0, 0.0, 0.0, 0.0, 0.0, 0.0, 0.0, 0.0, 0.0, 0.0, 0.0, 0.0, 0.0, 0.0, 0.0], "bins": [0.0, 0.0, 0.0, 0.0, 0.0, 0.0, 0.0, 0.0, 0.0, 0.0, 0.0, 0.0, 0.0, 0.0, 0.0, 0.0, 0.0, 0.0, 0.0, 0.0, 0.0, 0.0, 0.0, 0.0, 0.0, 0.0, 0.0, 0.0, 0.0, 0.0, 0.0, 0.0, 0.0, 0.0, 0.0, 0.0, 0.0, 0.0, 0.0, 0.0, 0.0, 0.0, 0.0, 0.0, 0.0, 0.0, 0.0, 0.0, 0.0, 0.0, 0.0, 0.0, 0.0, 0.0, 0.0, 0.0, 0.0, 0.0, 0.0, 0.0, 0.0, 0.0, 0.0, 0.0, 0.0]}, "Validation KL-Loss": 740713.206875, "Test Reconstruction Loss": 13130.875947265626, "Test KL-Loss": 732961.6975, "_runtime": 78.75721573829651, "gradients/enc.var.bias": {"_type": "histogram", "values": [2959.0, 20.0, 6.0, 9.0, 6.0, 2.0, 1.0, 1.0, 3.0, 3.0, 0.0, 1.0, 3.0, 1.0, 0.0, 0.0, 0.0, 1.0, 1.0, 0.0, 1.0, 0.0, 1.0, 0.0, 0.0, 1.0, 0.0, 2.0, 0.0, 0.0, 0.0, 0.0, 0.0, 0.0, 0.0, 0.0, 0.0, 0.0, 0.0, 0.0, 1.0, 0.0, 0.0, 0.0, 0.0, 0.0, 0.0, 0.0, 0.0, 0.0, 0.0, 0.0, 0.0, 0.0, 0.0, 0.0, 0.0, 0.0, 0.0, 0.0, 0.0, 0.0, 0.0, 1.0], "bins": [-32.0, 1.4125175476074219, 34.825035095214844, 68.237548828125, 101.65007019042969, 135.06259155273438, 168.47509765625, 201.8876190185547, 235.30014038085938, 268.712646484375, 302.12518310546875, 335.5376892089844, 368.9501953125, 402.36273193359375, 435.7752380371094, 469.1877746582031, 502.60028076171875, 536.0128173828125, 569.42529296875, 602.8378295898438, 636.2503662109375, 669.662841796875, 703.0753784179688, 736.4879150390625, 769.900390625, 803.3129272460938, 836.7254638671875, 870.1380004882812, 903.5504760742188, 936.9630126953125, 970.3755493164062, 1003.7880859375, 1037.2005615234375, 1070.613037109375, 1104.025634765625, 1137.4381103515625, 1170.8505859375, 1204.26318359375, 1237.6756591796875, 1271.088134765625, 1304.500732421875, 1337.9132080078125, 1371.32568359375, 1404.73828125, 1438.1507568359375, 1471.563232421875, 1504.975830078125, 1538.3883056640625, 1571.80078125, 1605.21337890625, 1638.6258544921875, 1672.0384521484375, 1705.450927734375, 1738.8634033203125, 1772.2760009765625, 1805.6884765625, 1839.1009521484375, 1872.5135498046875, 1905.926025390625, 1939.3385009765625, 1972.7510986328125, 2006.16357421875, 2039.576171875, 2072.988525390625, 2106.401123046875]}, "Validation Reconstruction Loss": 13128.7020703125, "gradients/enc.mu.bias": {"_type": "histogram", "values": [2.0, 7.0, 15.0, 18.0, 32.0, 40.0, 55.0, 73.0, 77.0, 81.0, 81.0, 115.0, 98.0, 103.0, 122.0, 121.0, 109.0, 99.0, 67.0, 62.0, 42.0, 33.0, 23.0, 19.0, 13.0, 6.0, 2.0, 1.0, 8.0, 4.0, 1.0, 3.0, 5.0, 3.0, 2.0, 1.0, 3.0, 6.0, 11.0, 18.0, 21.0, 35.0, 50.0, 49.0, 74.0, 80.0, 100.0, 117.0, 106.0, 98.0, 113.0, 89.0, 78.0, 94.0, 79.0, 68.0, 60.0, 57.0, 36.0, 21.0, 10.0, 3.0, 3.0, 2.0], "bins": [-2058.97119140625, -1993.8956298828125, -1928.820068359375, -1863.7445068359375, -1798.6689453125, -1733.593505859375, -1668.5179443359375, -1603.4423828125, -1538.3668212890625, -1473.291259765625, -1408.2156982421875, -1343.14013671875, -1278.064697265625, -1212.989013671875, -1147.91357421875, -1082.8380126953125, -1017.762451171875, -952.6868896484375, -887.611328125, -822.5357666015625, -757.460205078125, -692.384765625, -627.3092041015625, -562.233642578125, -497.1580810546875, -432.08251953125, -367.0069580078125, -301.931396484375, -236.85595703125, -171.7803955078125, -106.704833984375, -41.6292724609375, 23.4462890625, 88.521728515625, 153.597412109375, 218.6728515625, 283.74853515625, 348.823974609375, 413.899658203125, 478.97509765625, 544.05078125, 609.126220703125, 674.20166015625, 739.27734375, 804.352783203125, 869.428466796875, 934.50390625, 999.57958984375, 1064.655029296875, 1129.73046875, 1194.80615234375, 1259.881591796875, 1324.957275390625, 1390.03271484375, 1455.1083984375, 1520.183837890625, 1585.25927734375, 1650.3349609375, 1715.410400390625, 1780.486083984375, 1845.5615234375, 1910.63720703125, 1975.712646484375, 2040.7880859375, 2105.86376953125]}, "gradients/enc.linear.weight": {"_type": "histogram", "values": [3.0, 6.0, 15.0, 18.0, 34.0, 32.0, 32.0, 41.0, 61.0, 72.0, 79.0, 87.0, 67.0, 50.0, 36.0, 50.0, 74.0, 110.0, 121.0, 130.0, 164.0, 226.0, 216.0, 190.0, 177.0, 174.0, 187.0, 129.0, 122.0, 105.0, 192.0, 299.0, 393.0, 436.0, 240.0, 393.0, 966.0, 2156.0, 5254.0, 11482.0, 21776.0, 9032289.0, 33211.0, 17997.0, 4616.0, 1094.0, 675.0, 399.0, 144.0, 37.0, 8.0, 55.0, 159.0, 262.0, 597.0, 1130.0, 1464.0, 1355.0, 1149.0, 756.0, 406.0, 246.0, 102.0, 30.0], "bins": [-790934.4375, -771742.9375, -752551.375, -733359.875, -714168.375, -694976.875, -675785.3125, -656593.8125, -637402.25, -618210.75, -599019.25, -579827.75, -560636.1875, -541444.6875, -522253.15625, -503061.65625, -483870.125, -464678.59375, -445487.09375, -426295.5625, -407104.0625, -387912.53125, -368721.0, -349529.5, -330337.96875, -311146.4375, -291954.9375, -272763.40625, -253571.875, -234380.375, -215188.875, -195997.3125, -176805.8125, -157614.3125, -138422.75, -119231.25, -100039.75, -80848.1875, -61656.6875, -42465.1875, -23273.6875, -4082.125, 15109.375, 34300.875, 53492.4375, 72683.9375, 91875.4375, 111067.0, 130258.5, 149450.0, 168641.5625, 187833.0625, 207024.5625, 226216.125, 245407.625, 264599.1875, 283790.6875, 302982.1875, 322173.6875, 341365.1875, 360556.6875, 379748.3125, 398939.8125, 418131.3125, 437322.8125]}, "gradients/enc.linear.bias": {"_type": "histogram", "values": [1.0, 1.0, 0.0, 0.0, 0.0, 0.0, 0.0, 0.0, 0.0, 0.0, 1.0, 0.0, 0.0, 0.0, 0.0, 2.0, 1.0, 0.0, 0.0, 1.0, 0.0, 1.0, 0.0, 1.0, 0.0, 0.0, 0.0, 1.0, 1.0, 0.0, 2.0, 1.0, 0.0, 0.0, 0.0, 0.0, 0.0, 0.0, 2.0, 3.0, 3.0, 2964.0, 3.0, 1.0, 3.0, 0.0, 0.0, 2.0, 2.0, 1.0, 0.0, 0.0, 0.0, 0.0, 0.0, 0.0, 1.0, 0.0, 0.0, 1.0, 8.0, 5.0, 4.0, 7.0], "bins": [-1130900.25, -1103475.75, -1076051.25, -1048626.75, -1021202.1875, -993777.625, -966353.125, -938928.625, -911504.0625, -884079.5625, -856655.0, -829230.5, -801806.0, -774381.5, -746956.9375, -719532.4375, -692107.875, -664683.375, -637258.875, -609834.375, -582409.8125, -554985.3125, -527560.75, -500136.25, -472711.75, -445287.1875, -417862.6875, -390438.1875, -363013.625, -335589.125, -308164.625, -280740.0625, -253315.5625, -225891.0625, -198466.5, -171042.0, -143617.5, -116192.9375, -88768.4375, -61343.875, -33919.375, -6494.875, 20929.625, 48354.125, 75778.75, 103203.25, 130627.75, 158052.25, 185476.75, 212901.25, 240325.875, 267750.375, 295174.875, 322599.375, 350023.875, 377448.375, 404873.0, 432297.5, 459722.0, 487146.5, 514571.0, 541995.5, 569420.125, 596844.625, 624269.125]}, "gradients/enc.mu.weight": {"_type": "histogram",