{"graph_0": {"_type": "graph-file", "path": "media/graph/graph_0_summary_6b61022b.graph.json", "sha256": "6b61022bcabe78b0f999100694fee6bf6812a94bc6fd840c7717f89fda411301", "size": 1349}, "Test Loss": 58.28520393371582, "_timestamp": 1599388279.1142626, "Validation Loss": 57.18624687194824, "_runtime": 5.577934741973877, "Validation Accuracy": 1, "Training Accuracy": 1.0, "_step": 0, "Training Loss": 3166.5726383924484, "Test Accuracy": 1}
