{"graph_0": {"_type": "graph-file", "path": "media/graph/graph_0_summary_02b09283.graph.json", "sha256": "02b092836dc8ccd252d8ce680862b46c6a5a483904b79ec556425d1455fe040d", "size": 500}, "_runtime": 134.45606660842896, "Validation Loss": 23.539255619049072, "Test Accuracy": 0.125, "Validation Accuracy": 0.10546875, "_timestamp": 1599397108.5729337, "_step": 99, "Training Accuracy": 0.18994140625, "Test Loss": 23.94521999359131, "Training Loss": 14.00184541940689, "parameters/fc2.bias": {"_type": "histogram", "values": [2.0, 2.0, 3.0, 5.0, 1.0, 3.0, 4.0, 6.0, 3.0, 6.0, 7.0, 8.0, 7.0, 6.0, 2.0, 2.0, 5.0, 4.0, 7.0, 3.0, 4.0, 4.0, 5.0, 5.0, 8.0, 6.0, 10.0, 4.0, 7.0, 3.0, 2.0, 6.0, 4.0, 9.0, 9.0, 8.0, 8.0, 11.0, 7.0, 5.0, 2.0, 9.0, 8.0, 10.0, 5.0, 4.0, 2.0, 7.0, 9.0, 5.0, 6.0, 3.0, 8.0, 7.0, 4.0, 6.0, 4.0, 6.0, 3.0, 6.0, 2.0, 3.0, 4.0, 2.0], "bins": [-0.0807383581995964, -0.07834646850824356, -0.07595458626747131, -0.07356269657611847, -0.07117080688476562, -0.06877892464399338, -0.06638703495264053, -0.06399515271186829, -0.06160326302051544, -0.059211377054452896, -0.05681949108839035, -0.054427601397037506, -0.05203571543097496, -0.049643829464912415, -0.04725193977355957, -0.044860053807497025, -0.04246816784143448, -0.04007628187537193, -0.03768439590930939, -0.03529250621795654, -0.032900620251894, -0.03050873428583145, -0.028116846457123756, -0.02572495862841606, -0.023333072662353516, -0.02094118669629097, -0.018549298867583275, -0.01615741103887558, -0.013765525072813034, -0.011373638175427914, -0.008981751278042793, -0.006589864380657673, -0.0041979774832725525, -0.001806090585887432, 0.0005857963114976883, 0.0029776832088828087, 0.005369570106267929, 0.0077614570036530495, 0.01015334390103817, 0.01254523079842329, 0.01493711769580841, 0.017329003661870956, 0.01972089149057865, 0.022112779319286346, 0.024504665285348892, 0.026896551251411438, 0.029288439080119133, 0.03168032690882683, 0.034072212874889374, 0.03646409884095192, 0.038855984807014465, 0.04124787449836731, 0.043639760464429855, 0.0460316464304924, 0.048423536121845245, 0.05081542208790779, 0.05320730805397034, 0.05559919402003288, 0.05799107998609543, 0.06038296967744827, 0.06277485191822052, 0.06516674160957336, 0.06755863130092621, 0.06995051354169846, 0.0723424032330513]}, "parameters/fc2.weight": {"_type": "histogram", "values": [3.0, 2.0, 5.0, 5.0, 14.0, 25.0, 35.0, 38.0, 74.0, 80.0, 120.0, 150.0, 259.0, 299.0, 411.0, 570.0, 645.0, 773.0, 924.0, 1112.0, 1283.0, 1371.0, 1598.0, 1715.0, 1884.0, 2005.0, 2146.0, 2124.0, 2286.0, 2348.0, 2433.0, 2465.0, 2539.0, 2572.0, 2556.0, 2579.0, 2485.0, 2453.0, 2401.0, 2331.0, 2299.0, 2113.0, 1989.0, 1955.0, 1693.0, 1484.0, 1354.0, 1174.0, 1018.0, 811.0, 673.0, 478.0, 336.0, 265.0, 154.0, 119.0, 66.0, 45.0, 20.0, 16.0, 9.0, 5.0, 4.0, 2.0], "bins": [-0.26372259855270386, -0.2561350464820862, -0.2485474795103073, -0.24095992743968964, -0.23337236046791077, -0.2257848083972931, -0.21819725632667542, -0.21060968935489655, -0.20302213728427887, -0.1954345852136612, -0.18784701824188232, -0.18025946617126465, -0.17267191410064697, -0.1650843471288681, -0.15749679505825043, -0.14990922808647156, -0.14232167601585388, -0.1347341239452362, -0.12714655697345734, -0.11955900490283966, -0.11197144538164139, -0.10438388586044312, -0.09679633378982544, -0.08920877426862717, -0.0816212147474289, -0.07403365522623062, -0.06644609570503235, -0.05885854363441467, -0.0512709841132164, -0.04368342459201813, -0.03609586879611015, -0.02850831113755703, -0.020920753479003906, -0.013333195820450783, -0.005745638161897659, 0.0018419194966554642, 0.009429477155208588, 0.01701703481376171, 0.024604592472314835, 0.03219214826822281, 0.03977970778942108, 0.047367267310619354, 0.05495482310652733, 0.0625423789024353, 0.07012993842363358, 0.07771749794483185, 0.08530505001544952, 0.0928926095366478, 0.10048016905784607, 0.10806772857904434, 0.11565528810024261, 0.12324284017086029, 0.13083040714263916, 0.13841795921325684, 0.1460055112838745, 0.15359307825565338, 0.16118063032627106, 0.16876818239688873, 0.1763557493686676, 0.18394330143928528, 0.19153085350990295, 0.19911842048168182, 0.2067059725522995, 0.21429353952407837, 0.22188109159469604]}, "parameters/fc1.bias": {"_type": "histogram", "values": [2.0, 1.0, 1.0, 0.0, 0.0, 0.0, 4.0, 2.0, 3.0, 5.0, 2.0, 6.0, 2.0, 7.0, 5.0, 2.0, 3.0, 3.0, 0.0, 1.0, 0.0, 6.0, 6.0, 4.0, 2.0, 6.0, 4.0, 10.0, 5.0, 7.0, 4.0, 1.0, 7.0, 4.0, 2.0, 8.0, 6.0, 5.0, 3.0, 10.0, 4.0, 5.0, 4.0, 3.0, 6.0, 3.0, 2.0, 2.0, 4.0, 2.0, 1.0, 2.0, 1.0, 1.0, 3.0, 0.0, 1.0, 0.0, 1.0, 2.0, 0.0, 2.0, 1.0, 1.0], "bins": [-0.007077941671013832, -0.005181426182389259, -0.0032849106937646866, -0.0013883952051401138, 0.0005081202834844589, 0.0024046357721090317, 0.004301151260733604, 0.006197666749358177, 0.00809418223798275, 0.009990697726607323, 0.011887213215231895, 0.013783728703856468, 0.01568024419248104, 0.017576759681105614, 0.019473275169730186, 0.02136979065835476, 0.023266306146979332, 0.025162821635603905, 0.027059337124228477, 0.02895585261285305, 0.030852368101477623, 0.032748885452747345, 0.03464540094137192, 0.03654191642999649, 0.03843843191862106, 0.040334947407245636, 0.04223146289587021, 0.04412797838449478, 0.046024493873119354, 0.04792100936174393, 0.0498175248503685, 0.05171404033899307, 0.053610555827617645, 0.05550707131624222, 0.05740358680486679, 0.059300102293491364, 0.061196617782115936, 0.06309313327074051, 0.06498964875936508, 0.06688616424798965, 0.06878267973661423, 0.0706791952252388, 0.07257571071386337, 0.07447222620248795, 0.07636874169111252, 0.07826525717973709, 0.08016177266836166, 0.08205828815698624, 0.08395480364561081, 0.08585131913423538, 0.08774783462285995, 0.08964435011148453, 0.0915408656001091, 0.09343738108873367, 0.09533389657735825, 0.09723041206598282, 0.09912692755460739, 0.10102344304323196, 0.10291995853185654, 0.10481647402048111, 0.10671298950910568, 0.10860950499773026, 0.11050602048635483, 0.1124025359749794, 0.11429905146360397]}, "parameters/fc1.weight": {"_type": "histogram", "values": [1.0, 1.0, 2.0, 2.0, 5.0, 10.0, 14.0, 13.0, 25.0, 34.0, 74.0, 131.0, 186.0, 323.0, 478.0, 673.0, 923.0, 1310.0, 1627.0, 2030.0, 2586.0, 2940.0, 3566.0, 4032.0, 4453.0, 4890.0, 5425.0, 5866.0, 6049.0, 6396.0, 6595.0, 6836.0, 6752.0, 6728.0, 6644.0, 6321.0, 6171.0, 5847.0, 5460.0, 5085.0, 4530.0, 3964.0, 3420.0, 2955.0, 2489.0, 1925.0, 1412.0, 1106.0, 750.0, 455.0, 293.0, 180.0, 89.0, 54.0, 26.0, 12.0, 6.0, 6.0, 2.0, 8.0, 5.0, 5.0, 2.0, 2.0], "bins": [-0.2723267674446106, -0.26348382234573364, -0.2546408474445343, -0.24579788744449615, -0.236954927444458, -0.22811196744441986, -0.2192690074443817, -0.21042604744434357, -0.20158308744430542, -0.19274012744426727, -0.18389716744422913, -0.17505420744419098, -0.16621124744415283, -0.15736828744411469, -0.14852532744407654, -0.1396823674440384, -0.13083940744400024, -0.1219964474439621, -0.11315348744392395, -0.1043105274438858, -0.09546756744384766, -0.08662460744380951, -0.07778164744377136, -0.06893868744373322, -0.06009572744369507, -0.05125276744365692, -0.042409807443618774, -0.03356684744358063, -0.02472388744354248, -0.015880927443504333, -0.0070379674434661865, 0.0018049925565719604, 0.010647952556610107, 0.019490912556648254, 0.0283338725566864, 0.03717683255672455, 0.046019792556762695, 0.05486275255680084, 0.06370571255683899, 0.07254867255687714, 0.08139163255691528, 0.09023459255695343, 0.09907755255699158, 0.10792051255702972, 0.11676347255706787, 0.12560643255710602, 0.13444939255714417, 0.1432923525571823, 0.15213531255722046, 0.1609782725572586, 0.16982123255729675, 0.1786641925573349, 0.18750715255737305, 0.1963501125574112, 0.20519307255744934, 0.2140360325574875, 0.22287899255752563, 0.23172195255756378, 0.24056491255760193, 0.24940787255764008, 0.2582508325576782, 0.2670937776565552, 0.2759367525577545, 0.28477972745895386, 0.2936226725578308]}, "gradients/fc2.weight": {"_type": "histogram",