{"graph_0": {"_type": "graph-file", "path": "media/graph/graph_0_summary_65185627.graph.json", "sha256": "6518562712b98db31c4aaa633d4ed7478692c8c45f3525812c9e1b1d77acda81", "size": 500}, "Training Accuracy": 0.23876953125, "Validation Loss": 23.64153814315796, "Training Loss": 12.617787033319473, "Validation Accuracy": 0.10546875, "Test Loss": 24.3787579536438, "_step": 99, "_timestamp": 1599396819.0873833, "_runtime": 131.08756303787231, "Test Accuracy": 0.1171875, "parameters/fc1.bias": {"_type": "histogram", "values": [1.0, 0.0, 2.0, 2.0, 1.0, 2.0, 2.0, 6.0, 7.0, 2.0, 1.0, 3.0, 5.0, 6.0, 1.0, 4.0, 3.0, 2.0, 7.0, 5.0, 6.0, 7.0, 2.0, 3.0, 4.0, 5.0, 1.0, 4.0, 1.0, 9.0, 5.0, 5.0, 4.0, 1.0, 4.0, 4.0, 5.0, 6.0, 7.0, 4.0, 6.0, 3.0, 3.0, 3.0, 3.0, 2.0, 1.0, 3.0, 3.0, 8.0, 2.0, 3.0, 3.0, 1.0, 3.0, 0.0, 0.0, 1.0, 0.0, 0.0, 1.0, 1.0, 0.0, 1.0], "bins": [-0.049768250435590744, -0.04806416481733322, -0.0463600791990757, -0.044655993580818176, -0.042951907962560654, -0.04124782234430313, -0.03954373672604561, -0.037839651107788086, -0.03613556921482086, -0.03443148359656334, -0.03272739797830582, -0.031023310497403145, -0.02931922674179077, -0.02761514112353325, -0.025911055505275726, -0.024206969887018204, -0.02250288426876068, -0.02079879865050316, -0.019094713032245636, -0.017390627413988113, -0.01568654179573059, -0.013982457108795643, -0.012278372421860695, -0.010574286803603172, -0.00887020118534565, -0.007166115567088127, -0.005462030414491892, -0.003757945029065013, -0.002053859643638134, -0.0003497742582112551, 0.0013543111272156239, 0.003058396512642503, 0.004762481898069382, 0.006466567516326904, 0.008170653134584427, 0.009874737821519375, 0.011578823439776897, 0.01328290905803442, 0.014986993744969368, 0.01669107936322689, 0.018395164981484413, 0.020099250599741936, 0.02180333621799946, 0.02350742183625698, 0.025211505591869354, 0.026915591210126877, 0.0286196768283844, 0.030323762446641922, 0.032027848064899445, 0.03373193368315697, 0.03543601930141449, 0.03714010491967201, 0.038844190537929535, 0.04054827615618706, 0.04225236177444458, 0.0439564473927021, 0.045660533010959625, 0.04736461490392685, 0.04906870052218437, 0.050772786140441895, 0.05247687175869942, 0.05418095737695694, 0.05588504299521446, 0.057589128613471985, 0.05929321423172951]}, "parameters/fc1.weight": {"_type": "histogram", "values": [3.0, 1.0, 4.0, 1.0, 6.0, 11.0, 9.0, 11.0, 35.0, 38.0, 69.0, 128.0, 267.0, 377.0, 574.0, 861.0, 1205.0, 1535.0, 1972.0, 2488.0, 2953.0, 3556.0, 3987.0, 4552.0, 4997.0, 5109.0, 5755.0, 6138.0, 6335.0, 6568.0, 6594.0, 6577.0, 6620.0, 6498.0, 6430.0, 6263.0, 5904.0, 5476.0, 5079.0, 4549.0, 4203.0, 3692.0, 3017.0, 2486.0, 2050.0, 1556.0, 1186.0, 874.0, 626.0, 364.0, 227.0, 157.0, 76.0, 43.0, 35.0, 27.0, 18.0, 8.0, 5.0, 6.0, 2.0, 1.0, 3.0, 3.0], "bins": [-0.2680366039276123, -0.2595440447330475, -0.25105148553848267, -0.24255892634391785, -0.23406636714935303, -0.22557379305362701, -0.2170812338590622, -0.20858867466449738, -0.20009611546993256, -0.19160355627536774, -0.18311099708080292, -0.1746184378862381, -0.16612586379051208, -0.15763330459594727, -0.14914074540138245, -0.14064818620681763, -0.1321556270122528, -0.12366306781768799, -0.11517050862312317, -0.10667794197797775, -0.09818538278341293, -0.08969282358884811, -0.0812002569437027, -0.07270769774913788, -0.06421513855457306, -0.05572257936000824, -0.04723001644015312, -0.038737453520298004, -0.030244894325733185, -0.021752333268523216, -0.013259772211313248, -0.004767211154103279, 0.0037253499031066895, 0.012217910960316658, 0.020710472017526627, 0.029203033074736595, 0.037695594131946564, 0.04618815332651138, 0.0546807162463665, 0.06317327916622162, 0.07166583836078644, 0.08015839755535126, 0.08865095674991608, 0.09714352339506149, 0.10563608258962631, 0.11412864178419113, 0.12262120842933655, 0.13111376762390137, 0.1396063268184662, 0.148098886013031, 0.15659144520759583, 0.16508400440216064, 0.17357656359672546, 0.18206913769245148, 0.1905616968870163, 0.19905425608158112, 0.20754681527614594, 0.21603937447071075, 0.22453193366527557, 0.2330244928598404, 0.2415170669555664, 0.2500096261501312, 0.25850218534469604, 0.26699474453926086, 0.2754873037338257]}, "parameters/fc2.bias": {"_type": "histogram", "values": [1.0, 0.0, 0.0, 1.0, 1.0, 0.0, 2.0, 3.0, 4.0, 3.0, 3.0, 5.0, 7.0, 5.0, 8.0, 6.0, 12.0, 3.0, 7.0, 7.0, 9.0, 5.0, 8.0, 11.0, 6.0, 5.0, 10.0, 5.0, 7.0, 5.0, 2.0, 8.0, 2.0, 6.0, 10.0, 4.0, 3.0, 5.0, 6.0, 9.0, 8.0, 4.0, 4.0, 10.0, 12.0, 11.0, 3.0, 8.0, 4.0, 6.0, 7.0, 6.0, 6.0, 6.0, 10.0, 3.0, 1.0, 6.0, 5.0, 6.0, 4.0, 0.0, 0.0, 2.0], "bins": [-0.09422627836465836, -0.0915655866265297, -0.08890489488840103, -0.08624420315027237, -0.08358350396156311, -0.08092281222343445, -0.07826212048530579, -0.07560142874717712, -0.07294073700904846, -0.0702800452709198, -0.06761935353279114, -0.06495866179466248, -0.062297966331243515, -0.05963727459311485, -0.05697657912969589, -0.05431588739156723, -0.05165519565343857, -0.048994503915309906, -0.046333812177181244, -0.04367311671376228, -0.04101242497563362, -0.03835173323750496, -0.035691037774086, -0.033030346035957336, -0.030369654297828674, -0.027708962559700012, -0.0250482689589262, -0.02238757535815239, -0.019726883620023727, -0.017066191881895065, -0.014405498281121254, -0.011744805611670017, -0.00908411294221878, -0.006423420272767544, -0.003762727603316307, -0.0011020349338650703, 0.0015586577355861664, 0.004219350405037403, 0.00688004307448864, 0.009540735743939877, 0.012201428413391113, 0.01486212108284235, 0.017522813752293587, 0.020183507353067398, 0.02284419909119606, 0.025504890829324722, 0.028165584430098534, 0.030826278030872345, 0.03348696976900101, 0.03614766150712967, 0.03880835324525833, 0.04146904870867729, 0.044129740446805954, 0.046790432184934616, 0.04945112764835358, 0.05211181938648224, 0.0547725111246109, 0.05743320286273956, 0.060093894600868225, 0.06275458633899689, 0.06541527807712555, 0.06807597726583481, 0.07073666900396347, 0.07339736074209213, 0.0760580524802208]}, "parameters/fc2.weight": {"_type": "histogram", "values": [2.0, 3.0, 15.0, 17.0, 31.0, 66.0, 93.0, 149.0, 168.0, 207.0, 299.0, 369.0, 489.0, 607.0, 657.0, 859.0, 1000.0, 1080.0, 1247.0, 1341.0, 1623.0, 1640.0, 1861.0, 1856.0, 1913.0, 2061.0, 2041.0, 2186.0, 2189.0, 2275.0, 2190.0, 2338.0, 2324.0, 2309.0, 2282.0, 2199.0, 2171.0, 2173.0, 2064.0, 2052.0, 1941.0, 1869.0, 1688.0, 1642.0, 1464.0, 1297.0, 1177.0, 1041.0, 863.0, 789.0, 631.0, 539.0, 460.0, 379.0, 271.0, 223.0, 168.0, 110.0, 91.0, 50.0, 32.0, 12.0, 12.0, 5.0], "bins": [-0.24459178745746613, -0.23699219524860382, -0.2293926179409027, -0.2217930257320404, -0.2141934335231781, -0.206593856215477, -0.19899426400661469, -0.19139467179775238, -0.18379509449005127, -0.17619550228118896, -0.16859591007232666, -0.16099633276462555, -0.15339674055576324, -0.14579714834690094, -0.13819757103919983, -0.13059797883033752, -0.12299839407205582, -0.11539880931377411, -0.1077992171049118, -0.1001996323466301, -0.09260004758834839, -0.08500045537948608, -0.07740087062120438, -0.06980128586292267, -0.06220169737935066, -0.054602108895778656, -0.04700252413749695, -0.03940293565392494, -0.031803347170352936, -0.024203762412071228, -0.016604173928499222, -0.009004587307572365, -0.0014050006866455078, 0.0061945863999426365, 0.01379417348653078, 0.021393761038780212, 0.02899334765970707, 0.036592934280633926, 0.04419252276420593, 0.05179210752248764, 0.05939169600605965, 0.06699128448963165, 0.07459086924791336, 0.08219045400619507, 0.08979004621505737, 0.09738963097333908, 0.10498921573162079, 0.1125888079404831, 0.1201883926987648, 0.1277879774570465, 0.1353875696659088, 0.14298714697360992, 0.15058673918247223, 0.15818633139133453, 0.16578590869903564, 0.17338550090789795, 0.18098509311676025, 0.18858467042446136, 0.19618426263332367, 0.20378385484218597, 0.21138343214988708, 0.2189830243587494, 0.2265826165676117, 0.2341821938753128, 0.2417817860841751]}, "gradients/fc2.bias": {"_type": "histogram",