{"graph_0": {"_type": "graph-file", "path": "media/graph/graph_0_summary_3185af43.graph.json", "sha256": "3185af43f53930c28b739979a9412241aa8fe4d606fd779eb1035aaaf41822a8", "size": 1019}, "Validation KL-Loss": 43.95584850311279, "Validation Reconstruction Loss": 372.96857177734375, "gradients/enc.mu.bias": {"_type": "histogram", "values": [1.0, 0.0, 1.0, 0.0, 0.0, 0.0, 0.0, 1.0, 2.0, 0.0, 1.0, 1.0, 0.0, 0.0, 0.0, 2.0, 0.0, 0.0, 0.0, 0.0, 2.0, 0.0, 0.0, 0.0, 2.0, 1.0, 0.0, 0.0, 0.0, 1.0, 0.0, 0.0, 2.0, 0.0, 1.0, 0.0, 1.0, 1.0, 0.0, 0.0, 1.0, 0.0, 0.0, 0.0, 1.0, 0.0, 0.0, 0.0, 0.0, 0.0, 0.0, 0.0, 0.0, 0.0, 0.0, 0.0, 0.0, 0.0, 0.0, 1.0, 0.0, 1.0, 0.0, 1.0], "bins": [-121.46745300292969, -117.01703643798828, -112.56661224365234, -108.11619567871094, -103.665771484375, -99.2153549194336, -94.76493835449219, -90.31451416015625, -85.86408996582031, -81.4136734008789, -76.9632568359375, -72.51283264160156, -68.06241607666016, -63.611995697021484, -59.16157531738281, -54.711151123046875, -50.26073455810547, -45.81031799316406, -41.359893798828125, -36.90947723388672, -32.45905303955078, -28.008636474609375, -23.558212280273438, -19.10779571533203, -14.657379150390625, -10.206954956054688, -5.756538391113281, -1.3061141967773438, 3.1443023681640625, 7.5947265625, 12.045150756835938, 16.495559692382812, 20.94598388671875, 25.396408081054688, 29.846817016601562, 34.2972412109375, 38.74766540527344, 43.198089599609375, 47.64849853515625, 52.09892272949219, 56.549346923828125, 60.999755859375, 65.45018005371094, 69.90060424804688, 74.35102844238281, 78.80143737792969, 83.25186157226562, 87.70228576660156, 92.15269470214844, 96.60311889648438, 101.05354309082031, 105.50396728515625, 109.95437622070312, 114.40480041503906, 118.855224609375, 123.30564880371094, 127.75605773925781, 132.20648193359375, 136.6569061279297, 141.10731506347656, 145.55775451660156, 150.00816345214844, 154.4585723876953, 158.9090118408203, 163.3594207763672]}, "Training Loss": 519.7982957839965, "_runtime": 18.523130178451538, "Training KL-Loss": 36.0207904986199, "gradients/enc.var.weight": {"_type": "histogram", "values": [1.0, 0.0, 0.0, 0.0, 0.0, 1.0, 2.0, 3.0, 2.0, 1.0, 3.0, 4.0, 4.0, 11.0, 8.0, 13.0, 11.0, 18.0, 26.0, 24.0, 32.0, 62.0, 42.0, 59.0, 68.0, 99.0, 105.0, 133.0, 176.0, 1199.0, 216.0, 132.0, 106.0, 118.0, 73.0, 65.0, 41.0, 42.0, 43.0, 35.0, 23.0, 20.0, 21.0, 20.0, 19.0, 14.0, 17.0, 19.0, 8.0, 6.0, 10.0, 9.0, 6.0, 5.0, 6.0, 4.0, 5.0, 3.0, 1.0, 0.0, 3.0, 1.0, 0.0, 2.0], "bins": [-129.66680908203125, -125.34033966064453, -121.01387023925781, -116.6874008178711, -112.36093139648438, -108.03446960449219, -103.70800018310547, -99.38153076171875, -95.05506134033203, -90.72859191894531, -86.4021224975586, -82.07565307617188, -77.74919128417969, -73.42271423339844, -69.09625244140625, -64.76978302001953, -60.44331359863281, -56.116844177246094, -51.790374755859375, -47.463905334472656, -43.13743591308594, -38.81097412109375, -34.48450469970703, -30.158035278320312, -25.831565856933594, -21.505096435546875, -17.178627014160156, -12.852157592773438, -8.52569580078125, -4.199226379394531, 0.1272430419921875, 4.4537200927734375, 8.780181884765625, 13.106643676757812, 17.433120727539062, 21.75958251953125, 26.0860595703125, 30.412521362304688, 34.73899841308594, 39.065460205078125, 43.391937255859375, 47.71839904785156, 52.04486083984375, 56.371337890625, 60.69779968261719, 65.02427673339844, 69.35073852539062, 73.67721557617188, 78.00367736816406, 82.33013916015625, 86.6566162109375, 90.98307800292969, 95.30955505371094, 99.63601684570312, 103.96249389648438, 108.28895568847656, 112.61541748046875, 116.94189453125, 121.26835632324219, 125.59483337402344, 129.92129516601562, 134.24777221679688, 138.57424926757812, 142.90069580078125, 147.2271728515625]}, "gradients/enc.var.bias": {"_type": "histogram", "values": [1.0, 0.0, 0.0, 0.0, 0.0, 0.0, 0.0, 0.0, 0.0, 0.0, 0.0, 0.0, 1.0, 1.0, 1.0, 1.0, 0.0, 0.0, 1.0, 0.0, 0.0, 2.0, 0.0, 1.0, 1.0, 1.0, 0.0, 0.0, 0.0, 1.0, 0.0, 0.0, 1.0, 0.0, 2.0, 0.0, 0.0, 0.0, 0.0, 2.0, 0.0, 1.0, 0.0, 0.0, 0.0, 1.0, 0.0, 1.0, 0.0, 0.0, 1.0, 0.0, 0.0, 0.0, 0.0, 0.0, 0.0, 0.0, 0.0, 1.0, 0.0, 2.0, 0.0, 1.0], "bins": [-22.52137565612793, -21.797229766845703, -21.073083877563477, -20.34893798828125, -19.624792098999023, -18.900646209716797, -18.17650032043457, -17.452354431152344, -16.728208541870117, -16.00406265258789, -15.279916763305664, -14.555770874023438, -13.831624984741211, -13.107479095458984, -12.383333206176758, -11.659187316894531, -10.935041427612305, -10.210895538330078, -9.486749649047852, -8.762603759765625, -8.038457870483398, -7.314311981201172, -6.590166091918945, -5.866020202636719, -5.141874313354492, -4.417728424072266, -3.693582534790039, -2.9694366455078125, -2.245290756225586, -1.5211448669433594, -0.7969989776611328, -0.07285308837890625, 0.6512928009033203, 1.3754386901855469, 2.0995845794677734, 2.82373046875, 3.5478763580322266, 4.272022247314453, 4.99616813659668, 5.720314025878906, 6.444459915161133, 7.168605804443359, 7.892751693725586, 8.616897583007812, 9.341043472290039, 10.065187454223633, 10.789335250854492, 11.513483047485352, 12.237627029418945, 12.961771011352539, 13.685918807983398, 14.410066604614258, 15.134210586547852, 15.858354568481445, 16.582502365112305, 17.306650161743164, 18.030794143676758, 18.75493812561035, 19.47908592224121, 20.20323371887207, 20.927377700805664, 21.651521682739258, 22.375669479370117, 23.099817276000977, 23.82396125793457]}, "gradients/dec.linear.bias": {"_type": "histogram", "values": [2.0, 0.0, 0.0, 1.0, 0.0, 1.0, 1.0, 0.0, 1.0, 4.0, 1.0, 1.0, 0.0, 0.0, 1.0, 0.0, 1.0, 2.0, 4.0, 2.0, 3.0, 2.0, 0.0, 4.0, 3.0, 6.0, 4.0, 0.0, 3.0, 4.0, 7.0, 1.0, 3.0, 5.0, 1.0, 2.0, 2.0, 7.0, 3.0, 3.0, 4.0, 7.0, 1.0, 2.0, 2.0, 3.0, 2.0, 3.0, 1.0, 2.0, 2.0, 3.0, 2.0, 2.0, 0.0, 1.0, 0.0, 1.0, 2.0, 1.0, 0.0, 1.0, 0.0, 1.0], "bins": [-42.422603607177734, -41.22715759277344, -40.031715393066406, -38.836273193359375, -37.64082717895508, -36.44538116455078, -35.24993896484375, -34.05449676513672, -32.85905075073242, -31.663606643676758, -30.468162536621094, -29.27271842956543, -28.077274322509766, -26.8818302154541, -25.686386108398438, -24.490942001342773, -23.29549789428711, -22.100053787231445, -20.90460968017578, -19.709165573120117, -18.513721466064453, -17.31827735900879, -16.122833251953125, -14.927389144897461, -13.731945037841797, -12.536500930786133, -11.341056823730469, -10.145610809326172, -8.95016860961914, -7.754726409912109, -6.5592803955078125, -5.363834381103516, -4.168392181396484, -2.972949981689453, -1.7775039672851562, -0.5820579528808594, 0.6133842468261719, 1.8088264465332031, 3.0042724609375, 4.199718475341797, 5.395160675048828, 6.590602874755859, 7.786048889160156, 8.981494903564453, 10.176937103271484, 11.372379302978516, 12.567825317382812, 13.76327133178711, 14.95871353149414, 16.154155731201172, 17.34960174560547, 18.545047760009766, 19.740489959716797, 20.935932159423828, 22.13138198852539, 23.326824188232422, 24.522266387939453, 25.717708587646484, 26.913150787353516, 28.108600616455078, 29.30404281616211, 30.49948501586914, 31.694934844970703, 32.890377044677734, 34.085819244384766]}, "gradients/dec.linear.weight": {"_type": "histogram", "values": [1.0, 0.0, 0.0, 0.0, 0.0, 0.0, 2.0, 1.0, 2.0, 1.0, 6.0, 6.0, 16.0, 10.0, 9.0, 17.0, 19.0, 23.0, 24.0, 36.0, 54.0, 62.0, 72.0, 80.0, 85.0, 145.0, 134.0, 164.0, 177.0, 178.0, 177.0, 220.0, 184.0, 169.0, 178.0, 157.0, 134.0, 128.0, 98.0, 99.0, 62.0, 63.0, 53.0, 36.0, 32.0, 24.0, 15.0, 11.0, 8.0, 4.0, 7.0, 3.0, 4.0, 3.0, 2.0, 1.0, 0.0, 1.0, 0.0, 0.0, 0.0, 1.0, 0.0, 2.0],