{"graph_0": {"_type": "graph-file", "path": "media/graph/graph_0_summary_025acec7.graph.json", "sha256": "025acec756547ca19365441c9f898537d9ac221e6e1b65fb38d9b34091cbf353", "size": 1349}, "_runtime": 5.706535577774048, "Validation Loss": 63.04530620574951, "Validation Accuracy": 1, "Test Loss": 59.112003326416016, "_step": 0, "Training Loss": 4053.883535385132, "_timestamp": 1599388231.3818963, "Test Accuracy": 1, "Training Accuracy": 1.0}
